{
	"class_name" : "PinholeCameraParameters",
	"extrinsic" : 
	[
		0.97345666863994973,
		0.12720177976831104,
		0.19026776265091636,
		0.0,
		-0.18354071859216564,
		-0.06277301816294549,
		0.9810057863281878,
		0.0,
		0.1367293637046659,
		-0.98988850655742477,
		-0.037760107076497768,
		0.0,
		735705.53914309281,
		318412.26962458051,
		-5681824.2830007402,
		1.0
	],
	"intrinsic" : 
	{
		"height" : 1061,
		"intrinsic_matrix" : 
		[
			918.85295341528945,
			0.0,
			0.0,
			0.0,
			918.85295341528945,
			0.0,
			959.5,
			530.0,
			1.0
		],
		"width" : 1920
	},
	"version_major" : 1,
	"version_minor" : 0
}