{
	"class_name" : "PinholeCameraParameters",
	"extrinsic" : 
	[
		0.99977979279131257,
		-0.00062945878747010838,
		0.020975454888872324,
		0.0,
		0.00069246247302809144,
		-0.99801609560289928,
		-0.062955487554846118,
		0.0,
		0.020973469476547962,
		0.062956149018025348,
		-0.99779588938767261,
		0.0,
		-331391.91544251778,
		5712349.0166494502,
		354704.33628426975,
		1.0
	],
	"intrinsic" : 
	{
		"height" : 1061,
		"intrinsic_matrix" : 
		[
			918.85295341528945,
			0.0,
			0.0,
			0.0,
			918.85295341528945,
			0.0,
			959.5,
			530.0,
			1.0
		],
		"width" : 1920
	},
	"version_major" : 1,
	"version_minor" : 0
}