{
	"class_name" : "PinholeCameraParameters",
	"extrinsic" : 
	[
		0.9296501360736581,
		0.36326474508746243,
		-0.061557692246948958,
		0.0,
		0.36232980436285017,
		-0.87106408293574933,
		0.3316089207028074,
		0.0,
		0.066841135303104177,
		-0.33058446484346932,
		-0.94140648724955645,
		0.0,
		-2378257.4011871894,
		4866577.7969532879,
		-1876557.4437106855,
		1.0
	],
	"intrinsic" : 
	{
		"height" : 1061,
		"intrinsic_matrix" : 
		[
			918.85295341528945,
			0.0,
			0.0,
			0.0,
			918.85295341528945,
			0.0,
			959.5,
			530.0,
			1.0
		],
		"width" : 1920
	},
	"version_major" : 1,
	"version_minor" : 0
}