{
	"class_name" : "PinholeCameraParameters",
	"extrinsic" : 
	[
		0.99772850199753482,
		0.065643446287620574,
		0.015125285492826858,
		0.0,
		0.0089716411690289755,
		-0.35201942851738471,
		0.93594969501625902,
		0.0,
		0.066763357888061842,
		-0.93368798851960089,
		-0.35180874653386951,
		0.0,
		-392107.11386178556,
		1993516.0982874532,
		-5364014.2154219961,
		1.0
	],
	"intrinsic" : 
	{
		"height" : 1061,
		"intrinsic_matrix" : 
		[
			918.85295341528945,
			0.0,
			0.0,
			0.0,
			918.85295341528945,
			0.0,
			959.5,
			530.0,
			1.0
		],
		"width" : 1920
	},
	"version_major" : 1,
	"version_minor" : 0
}