{
	"class_name" : "PinholeCameraParameters",
	"extrinsic" : 
	[
		-0.54743581929158369,
		0.23368230310472327,
		-0.80355871283449154,
		0.0,
		0.77940016313292404,
		-0.2072618736256705,
		-0.59125113230297344,
		0.0,
		-0.30471201070014309,
		-0.94996583988943994,
		-0.068669451564921102,
		0.0,
		-4279958.43530316,
		1109065.1634811831,
		3650158.7285065465,
		1.0
	],
	"intrinsic" : 
	{
		"height" : 1061,
		"intrinsic_matrix" : 
		[
			918.85295341528945,
			0.0,
			0.0,
			0.0,
			918.85295341528945,
			0.0,
			959.5,
			530.0,
			1.0
		],
		"width" : 1920
	},
	"version_major" : 1,
	"version_minor" : 0
}