{
	"class_name" : "PinholeCameraParameters",
	"extrinsic" : 
	[
		0.98362983997624287,
		-0.13072662074732458,
		0.13479109154310143,
		0.0,
		-0.17922256863725439,
		-0.63807995078899116,
		0.80082787455552207,
		0.0,
		-0.018751234609366788,
		-0.75879149114173905,
		-0.58352898554870802,
		0.0,
		-16964025.428689782,
		45107745.743331827,
		-55719008.706433512,
		1.0
	],
	"intrinsic" : 
	{
		"height" : 1061,
		"intrinsic_matrix" : 
		[
			918.85295341528945,
			0.0,
			0.0,
			0.0,
			918.85295341528945,
			0.0,
			959.5,
			530.0,
			1.0
		],
		"width" : 1920
	},
	"version_major" : 1,
	"version_minor" : 0
}