{
	"class_name" : "PinholeCameraParameters",
	"extrinsic" : 
	[
		0.60951799790114647,
		0.73943747918091274,
		-0.28586714504670757,
		0.0,
		0.74967815461367859,
		-0.42033972196464359,
		0.51117236098376417,
		0.0,
		0.25781868576503064,
		-0.5258771078125225,
		-0.81054475061475117,
		0.0,
		-66250955.647953175,
		5742045.4678665688,
		-24670859.050387207,
		1.0
	],
	"intrinsic" : 
	{
		"height" : 1061,
		"intrinsic_matrix" : 
		[
			918.85295341528945,
			0.0,
			0.0,
			0.0,
			918.85295341528945,
			0.0,
			959.5,
			530.0,
			1.0
		],
		"width" : 1920
	},
	"version_major" : 1,
	"version_minor" : 0
}