{
	"class_name" : "PinholeCameraParameters",
	"extrinsic" : 
	[
		-0.0087958676694154161,
		0.9436371849945846,
		-0.33086476966796963,
		0.0,
		0.99359990019197419,
		0.045510450861341138,
		0.10338296378464117,
		0.0,
		0.11261381376385894,
		-0.32783785925041348,
		-0.93799811673140643,
		0.0,
		-5686850.5411455538,
		-582854.54773881671,
		-477643.47573586612,
		1.0
	],
	"intrinsic" : 
	{
		"height" : 1061,
		"intrinsic_matrix" : 
		[
			918.85295341528945,
			0.0,
			0.0,
			0.0,
			918.85295341528945,
			0.0,
			959.5,
			530.0,
			1.0
		],
		"width" : 1920
	},
	"version_major" : 1,
	"version_minor" : 0
}