{
	"class_name" : "PinholeCameraParameters",
	"extrinsic" : 
	[
		0.99969128376340533,
		-0.0094865453187101701,
		0.022963941852192363,
		0.0,
		-0.0071001410329238884,
		-0.99477380437346086,
		-0.10185610501911037,
		0.0,
		0.023810190355967428,
		0.10166161315987224,
		-0.99453405735798972,
		0.0,
		-28879299.514267541,
		64987504.875223234,
		6082388.5896214908,
		1.0
	],
	"intrinsic" : 
	{
		"height" : 1061,
		"intrinsic_matrix" : 
		[
			918.85295341528945,
			0.0,
			0.0,
			0.0,
			918.85295341528945,
			0.0,
			959.5,
			530.0,
			1.0
		],
		"width" : 1920
	},
	"version_major" : 1,
	"version_minor" : 0
}