{
	"class_name" : "PinholeCameraParameters",
	"extrinsic" : 
	[
		0.97495098490646059,
		-0.098714985366978036,
		-0.19931364402348356,
		0.0,
		0.029377767468041417,
		-0.83111064792121614,
		0.55533056614107801,
		0.0,
		-0.22047114053434813,
		-0.54727547229523632,
		-0.80739211887131401,
		0.0,
		-487432.25505284825,
		4789210.355294765,
		-3112957.3791664606,
		1.0
	],
	"intrinsic" : 
	{
		"height" : 1061,
		"intrinsic_matrix" : 
		[
			918.85295341528945,
			0.0,
			0.0,
			0.0,
			918.85295341528945,
			0.0,
			959.5,
			530.0,
			1.0
		],
		"width" : 1920
	},
	"version_major" : 1,
	"version_minor" : 0
}