{
	"class_name" : "PinholeCameraParameters",
	"extrinsic" : 
	[
		0.99900593634381174,
		0.0031636303818746211,
		0.04446493666509567,
		0.0,
		0.0043556880017129335,
		-0.99963299511410797,
		-0.026737671200568226,
		0.0,
		0.044364029707138007,
		0.026904767644505709,
		-0.9986530760710346,
		0.0,
		-352105.77884258417,
		5720362.3838059427,
		139545.65445687703,
		1.0
	],
	"intrinsic" : 
	{
		"height" : 1061,
		"intrinsic_matrix" : 
		[
			918.85295341528945,
			0.0,
			0.0,
			0.0,
			918.85295341528945,
			0.0,
			959.5,
			530.0,
			1.0
		],
		"width" : 1920
	},
	"version_major" : 1,
	"version_minor" : 0
}