{
	"class_name" : "PinholeCameraParameters",
	"extrinsic" : 
	[
		-0.61266846939346065,
		-0.52642973076765831,
		0.58949901202204325,
		0.0,
		-0.54913551190725973,
		-0.2528906109104534,
		-0.79655290375196641,
		0.0,
		0.56840789594570729,
		-0.81173769006818253,
		-0.13414315617781425,
		0.0,
		3343605.830095253,
		1619853.9413566017,
		4366984.4978296552,
		1.0
	],
	"intrinsic" : 
	{
		"height" : 1061,
		"intrinsic_matrix" : 
		[
			918.85295341528945,
			0.0,
			0.0,
			0.0,
			918.85295341528945,
			0.0,
			959.5,
			530.0,
			1.0
		],
		"width" : 1920
	},
	"version_major" : 1,
	"version_minor" : 0
}