{
	"class_name" : "PinholeCameraParameters",
	"extrinsic" : 
	[
		-0.012721260052685729,
		0.71227180926275468,
		-0.70178845763679676,
		0.0,
		0.9771138218482589,
		0.15789441334199353,
		0.14254098845060936,
		0.0,
		0.21233640454656144,
		-0.68391390098823834,
		-0.69797924563649394,
		0.0,
		-5588352.2632124014,
		-1136953.4027887818,
		-585487.80590105348,
		1.0
	],
	"intrinsic" : 
	{
		"height" : 1061,
		"intrinsic_matrix" : 
		[
			918.85295341528945,
			0.0,
			0.0,
			0.0,
			918.85295341528945,
			0.0,
			959.5,
			530.0,
			1.0
		],
		"width" : 1920
	},
	"version_major" : 1,
	"version_minor" : 0
}