{
	"class_name" : "PinholeCameraParameters",
	"extrinsic" : 
	[
		0.99229880352940381,
		0.089206539089282902,
		0.085937639587237921,
		0.0,
		0.037899219187075381,
		-0.87916961147237149,
		0.47499941415598551,
		0.0,
		0.11792681501305706,
		-0.46808438090501553,
		-0.87577981174131014,
		0.0,
		-555911.80240710499,
		5004147.9003326437,
		-2748546.7072202833,
		1.0
	],
	"intrinsic" : 
	{
		"height" : 1061,
		"intrinsic_matrix" : 
		[
			918.85295341528945,
			0.0,
			0.0,
			0.0,
			918.85295341528945,
			0.0,
			959.5,
			530.0,
			1.0
		],
		"width" : 1920
	},
	"version_major" : 1,
	"version_minor" : 0
}