{
	"class_name" : "PinholeCameraParameters",
	"extrinsic" : 
	[
		-0.97381765373769114,
		0.21237479740503595,
		-0.081093296245671437,
		0.0,
		0.091995894688492938,
		0.041951830328280607,
		-0.99487526820831718,
		0.0,
		-0.20788442132416277,
		-0.97628734978963905,
		-0.060391042476851647,
		0.0,
		-207605.86146881795,
		-309629.39350948681,
		5721352.4243971044,
		1.0
	],
	"intrinsic" : 
	{
		"height" : 1061,
		"intrinsic_matrix" : 
		[
			918.85295341528945,
			0.0,
			0.0,
			0.0,
			918.85295341528945,
			0.0,
			959.5,
			530.0,
			1.0
		],
		"width" : 1920
	},
	"version_major" : 1,
	"version_minor" : 0
}