{
	"class_name" : "PinholeCameraParameters",
	"extrinsic" : 
	[
		0.98548583922568933,
		-0.1273834260344929,
		-0.11221017537351026,
		0.0,
		0.022236128021699456,
		-0.55844267840997253,
		0.82924503588559317,
		0.0,
		-0.16829502457363868,
		-0.81970435993839319,
		-0.54750483742314782,
		0.0,
		-450009.09813374863,
		3237993.8194969865,
		-4709242.4489113195,
		1.0
	],
	"intrinsic" : 
	{
		"height" : 1061,
		"intrinsic_matrix" : 
		[
			918.85295341528945,
			0.0,
			0.0,
			0.0,
			918.85295341528945,
			0.0,
			959.5,
			530.0,
			1.0
		],
		"width" : 1920
	},
	"version_major" : 1,
	"version_minor" : 0
}