{
	"class_name" : "PinholeCameraParameters",
	"extrinsic" : 
	[
		0.56389137659290622,
		-0.42103593952275592,
		0.71046129594394347,
		0.0,
		-0.70054806115517487,
		0.21169863361817035,
		0.6814808159705783,
		0.0,
		-0.43733160120883408,
		-0.8819934388386288,
		-0.1755808771755267,
		0.0,
		28699480.570619125,
		-1132553.2698985289,
		-65704777.975776203,
		1.0
	],
	"intrinsic" : 
	{
		"height" : 1061,
		"intrinsic_matrix" : 
		[
			918.85295341528945,
			0.0,
			0.0,
			0.0,
			918.85295341528945,
			0.0,
			959.5,
			530.0,
			1.0
		],
		"width" : 1920
	},
	"version_major" : 1,
	"version_minor" : 0
}