{
	"class_name" : "PinholeCameraParameters",
	"extrinsic" : 
	[
		0.85901117056256893,
		-0.46182282775558597,
		-0.22095131729084497,
		0.0,
		0.089899634422684366,
		-0.28880487160815299,
		0.95315780533239414,
		0.0,
		-0.50400184977774931,
		-0.8386366447390865,
		-0.20656890744101439,
		0.0,
		-798426.04375014664,
		1805636.5749442852,
		-5381604.9077311056,
		1.0
	],
	"intrinsic" : 
	{
		"height" : 1061,
		"intrinsic_matrix" : 
		[
			918.85295341528945,
			0.0,
			0.0,
			0.0,
			918.85295341528945,
			0.0,
			959.5,
			530.0,
			1.0
		],
		"width" : 1920
	},
	"version_major" : 1,
	"version_minor" : 0
}