{
	"class_name" : "PinholeCameraParameters",
	"extrinsic" : 
	[
		0.98015784100203729,
		-0.074102794402568603,
		-0.18384608395055838,
		0.0,
		0.020048113839990223,
		-0.88567468974241248,
		0.46387327696380648,
		0.0,
		-0.19720212943496301,
		-0.45835479686746189,
		-0.86661537047002801,
		0.0,
		-435740.05378365848,
		5093443.9997237315,
		-2594287.9321585512,
		1.0
	],
	"intrinsic" : 
	{
		"height" : 1061,
		"intrinsic_matrix" : 
		[
			918.85295341528945,
			0.0,
			0.0,
			0.0,
			918.85295341528945,
			0.0,
			959.5,
			530.0,
			1.0
		],
		"width" : 1920
	},
	"version_major" : 1,
	"version_minor" : 0
}