{
	"class_name" : "PinholeCameraParameters",
	"extrinsic" : 
	[
		-0.61800360683770339,
		-0.30821360963188105,
		0.72323987222309294,
		0.0,
		-0.70738207256859953,
		-0.18341908506665672,
		-0.68261851911727622,
		0.0,
		0.34304831342559028,
		-0.93346762668610905,
		-0.10467112584118388,
		0.0,
		4252939.4263856336,
		1151696.5113701369,
		3668736.7485443004,
		1.0
	],
	"intrinsic" : 
	{
		"height" : 1061,
		"intrinsic_matrix" : 
		[
			918.85295341528945,
			0.0,
			0.0,
			0.0,
			918.85295341528945,
			0.0,
			959.5,
			530.0,
			1.0
		],
		"width" : 1920
	},
	"version_major" : 1,
	"version_minor" : 0
}