{
	"class_name" : "PinholeCameraParameters",
	"extrinsic" : 
	[
		-0.98158864852730321,
		-0.074944154208502978,
		0.17569034928622235,
		0.0,
		-0.14375050912937615,
		0.89553572988339192,
		-0.42113127125311633,
		0.0,
		-0.12577565824668874,
		-0.43863325256094393,
		-0.88982096712789338,
		0.0,
		1147175.5654028214,
		-5100814.0761430357,
		2353557.9838050595,
		1.0
	],
	"intrinsic" : 
	{
		"height" : 1061,
		"intrinsic_matrix" : 
		[
			918.85295341528945,
			0.0,
			0.0,
			0.0,
			918.85295341528945,
			0.0,
			959.5,
			530.0,
			1.0
		],
		"width" : 1920
	},
	"version_major" : 1,
	"version_minor" : 0
}