{
	"class_name" : "PinholeCameraParameters",
	"extrinsic" : 
	[
		-0.77166809385367896,
		0.10074463449659307,
		-0.62799591682460632,
		0.0,
		0.62743085814472588,
		-0.041192461409188648,
		-0.77758195669062802,
		0.0,
		-0.10420590758686862,
		-0.99405920333911724,
		-0.031423384298904303,
		0.0,
		-3338375.5204713438,
		202806.46543002696,
		4656956.9657685086,
		1.0
	],
	"intrinsic" : 
	{
		"height" : 1061,
		"intrinsic_matrix" : 
		[
			918.85295341528945,
			0.0,
			0.0,
			0.0,
			918.85295341528945,
			0.0,
			959.5,
			530.0,
			1.0
		],
		"width" : 1920
	},
	"version_major" : 1,
	"version_minor" : 0
}