{
	"class_name" : "PinholeCameraParameters",
	"extrinsic" : 
	[
		0.82861605186290688,
		0.55647756635647938,
		-0.061058633599996394,
		0.0,
		0.38762194567073605,
		-0.49162362832339407,
		0.77977909391607458,
		0.0,
		0.40391170548717886,
		-0.66980514048199979,
		-0.62307014689706253,
		0.0,
		-2502730.1479433267,
		2625313.104223805,
		-4443867.0120483469,
		1.0
	],
	"intrinsic" : 
	{
		"height" : 1061,
		"intrinsic_matrix" : 
		[
			918.85295341528945,
			0.0,
			0.0,
			0.0,
			918.85295341528945,
			0.0,
			959.5,
			530.0,
			1.0
		],
		"width" : 1920
	},
	"version_major" : 1,
	"version_minor" : 0
}