{
	"class_name" : "PinholeCameraParameters",
	"extrinsic" : 
	[
		0.99848686795641561,
		0.052784618984085228,
		-0.015419420134775397,
		0.0,
		0.027881570606279382,
		-0.24426062349007768,
		0.9693087051258571,
		0.0,
		0.047398233502049691,
		-0.96827193071520135,
		-0.24536274299481922,
		0.0,
		-500651.85514875012,
		1380830.0772900539,
		-5544866.8261346836,
		1.0
	],
	"intrinsic" : 
	{
		"height" : 1061,
		"intrinsic_matrix" : 
		[
			918.85295341528945,
			0.0,
			0.0,
			0.0,
			918.85295341528945,
			0.0,
			959.5,
			530.0,
			1.0
		],
		"width" : 1920
	},
	"version_major" : 1,
	"version_minor" : 0
}