{
	"class_name" : "PinholeCameraParameters",
	"extrinsic" : 
	[
		0.9841702170089246,
		0.11886178213866949,
		0.13145668754166159,
		0.0,
		-0.12189536417511306,
		-0.08444695203745857,
		0.98894399865927685,
		0.0,
		0.1286487627038175,
		-0.98931319057131895,
		-0.068621474892151771,
		0.0,
		361926.70871923288,
		443093.8591190945,
		-5707518.9816161999,
		1.0
	],
	"intrinsic" : 
	{
		"height" : 1061,
		"intrinsic_matrix" : 
		[
			918.85295341528945,
			0.0,
			0.0,
			0.0,
			918.85295341528945,
			0.0,
			959.5,
			530.0,
			1.0
		],
		"width" : 1920
	},
	"version_major" : 1,
	"version_minor" : 0
}