{
	"class_name" : "PinholeCameraParameters",
	"extrinsic" : 
	[
		0.90844621829627525,
		-0.36030455666385786,
		-0.21191058234655791,
		0.0,
		-0.26806423034652593,
		-0.89115751590719217,
		0.36603258085974733,
		0.0,
		-0.32072891492960398,
		-0.27571526669624885,
		-0.90615343890463462,
		0.0,
		1236760.8813731417,
		5218549.5447078021,
		-2025277.4203520052,
		1.0
	],
	"intrinsic" : 
	{
		"height" : 1061,
		"intrinsic_matrix" : 
		[
			918.85295341528945,
			0.0,
			0.0,
			0.0,
			918.85295341528945,
			0.0,
			959.5,
			530.0,
			1.0
		],
		"width" : 1920
	},
	"version_major" : 1,
	"version_minor" : 0
}