{
	"class_name" : "PinholeCameraParameters",
	"extrinsic" : 
	[
		0.87807680636585372,
		-0.34418221830774415,
		-0.33244506722630651,
		0.0,
		0.065655238461792637,
		-0.6015116588372984,
		0.79616148735374459,
		0.0,
		-0.4739942107081776,
		-0.72091769633125391,
		-0.50557607076637823,
		0.0,
		-663331.07049170823,
		3555497.2223062292,
		-4447728.6776742563,
		1.0
	],
	"intrinsic" : 
	{
		"height" : 1061,
		"intrinsic_matrix" : 
		[
			918.85295341528945,
			0.0,
			0.0,
			0.0,
			918.85295341528945,
			0.0,
			959.5,
			530.0,
			1.0
		],
		"width" : 1920
	},
	"version_major" : 1,
	"version_minor" : 0
}