{
	"class_name" : "PinholeCameraParameters",
	"extrinsic" : 
	[
		0.92172320301214827,
		0.10254351419990453,
		-0.37404700870954743,
		0.0,
		0.3845300940681789,
		-0.11572576759333725,
		0.9158297622761834,
		0.0,
		0.050625525033758903,
		-0.98797387334406117,
		-0.14609819233854118,
		0.0,
		-2502265.8706131759,
		629806.58566819155,
		-5125101.5038040131,
		1.0
	],
	"intrinsic" : 
	{
		"height" : 1061,
		"intrinsic_matrix" : 
		[
			918.85295341528945,
			0.0,
			0.0,
			0.0,
			918.85295341528945,
			0.0,
			959.5,
			530.0,
			1.0
		],
		"width" : 1920
	},
	"version_major" : 1,
	"version_minor" : 0
}