{
	"class_name" : "PinholeCameraParameters",
	"extrinsic" : 
	[
		0.95288015224288447,
		-0.21385550203320822,
		0.21514004674095885,
		0.0,
		-0.27445185344222972,
		-0.305684153512707,
		0.91172001098656641,
		0.0,
		-0.12921143758856007,
		-0.92780548744946767,
		-0.349973401639258,
		0.0,
		-9919933.343917964,
		26001337.695393909,
		-65226509.682517208,
		1.0
	],
	"intrinsic" : 
	{
		"height" : 1061,
		"intrinsic_matrix" : 
		[
			918.85295341528945,
			0.0,
			0.0,
			0.0,
			918.85295341528945,
			0.0,
			959.5,
			530.0,
			1.0
		],
		"width" : 1920
	},
	"version_major" : 1,
	"version_minor" : 0
}