{
	"class_name" : "PinholeCameraParameters",
	"extrinsic" : 
	[
		0.2642609380904779,
		0.14958699958932381,
		-0.95278008278584636,
		0.0,
		0.8844306918426762,
		-0.43157836958522144,
		0.17754566238815095,
		0.0,
		-0.38464075177524532,
		-0.88958633108879648,
		-0.24634863834360535,
		0.0,
		-65673513.18872349,
		23657508.645015564,
		17212703.340137601,
		1.0
	],
	"intrinsic" : 
	{
		"height" : 1061,
		"intrinsic_matrix" : 
		[
			918.85295341528945,
			0.0,
			0.0,
			0.0,
			918.85295341528945,
			0.0,
			959.5,
			530.0,
			1.0
		],
		"width" : 1920
	},
	"version_major" : 1,
	"version_minor" : 0
}