{
	"class_name" : "PinholeCameraParameters",
	"extrinsic" : 
	[
		0.12290433917337634,
		-0.42314449369576673,
		0.89768773015303549,
		0.0,
		-0.93592761717750039,
		0.25140670842814172,
		0.24664582372660163,
		0.0,
		-0.33005153963707273,
		-0.87048458022660036,
		-0.36513364234334428,
		0.0,
		57285208.617704839,
		-3656269.9132258957,
		-42965183.867467724,
		1.0
	],
	"intrinsic" : 
	{
		"height" : 1061,
		"intrinsic_matrix" : 
		[
			918.85295341528945,
			0.0,
			0.0,
			0.0,
			918.85295341528945,
			0.0,
			959.5,
			530.0,
			1.0
		],
		"width" : 1920
	},
	"version_major" : 1,
	"version_minor" : 0
}