{
	"class_name" : "PinholeCameraParameters",
	"extrinsic" : 
	[
		0.41387370736289913,
		0.67653900745665541,
		-0.60910058754137908,
		0.0,
		0.90993965389427922,
		-0.28774792003855781,
		0.29868203960774636,
		0.0,
		0.026802623462058826,
		-0.67786142086937473,
		-0.73470096874340907,
		0.0,
		-5352109.9862072794,
		1416818.6934442089,
		-1501801.1037720186,
		1.0
	],
	"intrinsic" : 
	{
		"height" : 1061,
		"intrinsic_matrix" : 
		[
			918.85295341528945,
			0.0,
			0.0,
			0.0,
			918.85295341528945,
			0.0,
			959.5,
			530.0,
			1.0
		],
		"width" : 1920
	},
	"version_major" : 1,
	"version_minor" : 0
}