{
	"class_name" : "PinholeCameraParameters",
	"extrinsic" : 
	[
		0.97121096691229325,
		-0.11159618913695013,
		-0.21046507624638916,
		0.0,
		0.056815004694736895,
		-0.74948298256027479,
		0.65958116566052116,
		0.0,
		-0.23134673758414095,
		-0.65255003595330896,
		-0.72156575416694335,
		0.0,
		-643244.03997786646,
		4326236.7444052771,
		-3705813.3993210206,
		1.0
	],
	"intrinsic" : 
	{
		"height" : 1061,
		"intrinsic_matrix" : 
		[
			918.85295341528945,
			0.0,
			0.0,
			0.0,
			918.85295341528945,
			0.0,
			959.5,
			530.0,
			1.0
		],
		"width" : 1920
	},
	"version_major" : 1,
	"version_minor" : 0
}