{
	"class_name" : "PinholeCameraParameters",
	"extrinsic" : 
	[
		0.9778082868106529,
		-0.15314887867819896,
		-0.14295585054143894,
		0.0,
		0.12099907006399843,
		-0.14421301796359645,
		0.982121087490478,
		0.0,
		-0.17102683791751375,
		-0.97762366297540171,
		-0.12248181212937194,
		0.0,
		-1015697.7239713927,
		876053.72934241581,
		-5573191.273199223,
		1.0
	],
	"intrinsic" : 
	{
		"height" : 1061,
		"intrinsic_matrix" : 
		[
			918.85295341528945,
			0.0,
			0.0,
			0.0,
			918.85295341528945,
			0.0,
			959.5,
			530.0,
			1.0
		],
		"width" : 1920
	},
	"version_major" : 1,
	"version_minor" : 0
}