{
	"class_name" : "PinholeCameraParameters",
	"extrinsic" : 
	[
		0.98055432922238417,
		-0.12652823976730215,
		-0.15001270607728104,
		0.0,
		0.029318089211592194,
		-0.66137985963201662,
		0.74947790555700533,
		0.0,
		-0.19404550262302331,
		-0.73930189085009268,
		-0.644809318401383,
		0.0,
		-488926.7195505423,
		3826871.8471935838,
		-4240207.556930922,
		1.0
	],
	"intrinsic" : 
	{
		"height" : 1061,
		"intrinsic_matrix" : 
		[
			918.85295341528945,
			0.0,
			0.0,
			0.0,
			918.85295341528945,
			0.0,
			959.5,
			530.0,
			1.0
		],
		"width" : 1920
	},
	"version_major" : 1,
	"version_minor" : 0
}