{
	"class_name" : "PinholeCameraParameters",
	"extrinsic" : 
	[
		0.99992865520581287,
		0.010750051958071877,
		0.0052077712308931639,
		0.0,
		0.0013675628175486051,
		-0.53613699459946607,
		0.84412987910261317,
		0.0,
		0.011866518876006642,
		-0.84406253287582367,
		-0.5361134453872749,
		0.0,
		-349308.17993673822,
		3066602.4007492312,
		-4834802.6383863688,
		1.0
	],
	"intrinsic" : 
	{
		"height" : 1061,
		"intrinsic_matrix" : 
		[
			918.85295341528945,
			0.0,
			0.0,
			0.0,
			918.85295341528945,
			0.0,
			959.5,
			530.0,
			1.0
		],
		"width" : 1920
	},
	"version_major" : 1,
	"version_minor" : 0
}