{
	"class_name" : "PinholeCameraParameters",
	"extrinsic" : 
	[
		-0.74434431426661085,
		0.071143124756734885,
		0.6639956307226853,
		0.0,
		-0.61431247761161911,
		0.31694999102371874,
		-0.72260838843784447,
		0.0,
		-0.26186202792624025,
		-0.94577024640761054,
		-0.19221581449101602,
		0.0,
		3759799.4948426522,
		-1837329.0738341776,
		3919402.133023819,
		1.0
	],
	"intrinsic" : 
	{
		"height" : 1061,
		"intrinsic_matrix" : 
		[
			918.85295341528945,
			0.0,
			0.0,
			0.0,
			918.85295341528945,
			0.0,
			959.5,
			530.0,
			1.0
		],
		"width" : 1920
	},
	"version_major" : 1,
	"version_minor" : 0
}