{
	"class_name" : "PinholeCameraParameters",
	"extrinsic" : 
	[
		-0.66505252506890833,
		-0.21494817883659101,
		0.71519397320887856,
		0.0,
		-0.71761495184676416,
		-0.081157303597265806,
		-0.69169521681069024,
		0.0,
		0.20672184157808651,
		-0.97324753916342077,
		-0.1002761573202243,
		0.0,
		4325066.5146435155,
		534933.89034098969,
		3725491.9932461656,
		1.0
	],
	"intrinsic" : 
	{
		"height" : 1061,
		"intrinsic_matrix" : 
		[
			918.85295341528945,
			0.0,
			0.0,
			0.0,
			918.85295341528945,
			0.0,
			959.5,
			530.0,
			1.0
		],
		"width" : 1920
	},
	"version_major" : 1,
	"version_minor" : 0
}