{
	"class_name" : "PinholeCameraParameters",
	"extrinsic" : 
	[
		0.89804520377182595,
		0.32426581857137604,
		-0.2972650179362773,
		0.0,
		0.43844453288153773,
		-0.60479672159830256,
		0.66482126705621836,
		0.0,
		0.035793904071922927,
		-0.72737377217643806,
		-0.68530737044125634,
		0.0,
		-2811612.406974283,
		3354055.250207955,
		-3705549.8300670879,
		1.0
	],
	"intrinsic" : 
	{
		"height" : 1061,
		"intrinsic_matrix" : 
		[
			918.85295341528945,
			0.0,
			0.0,
			0.0,
			918.85295341528945,
			0.0,
			959.5,
			530.0,
			1.0
		],
		"width" : 1920
	},
	"version_major" : 1,
	"version_minor" : 0
}