{
	"class_name" : "PinholeCameraParameters",
	"extrinsic" : 
	[
		-0.63637707652623066,
		0.22904094499599104,
		0.73658975148129191,
		0.0,
		-0.66878563027109816,
		0.31200832101290499,
		-0.67481596629125351,
		0.0,
		-0.38438261825272235,
		-0.92205805301729871,
		-0.045375650421018404,
		0.0,
		4036221.6630548383,
		-1860757.8001422619,
		3621839.89060893,
		1.0
	],
	"intrinsic" : 
	{
		"height" : 1061,
		"intrinsic_matrix" : 
		[
			918.85295341528945,
			0.0,
			0.0,
			0.0,
			918.85295341528945,
			0.0,
			959.5,
			530.0,
			1.0
		],
		"width" : 1920
	},
	"version_major" : 1,
	"version_minor" : 0
}