{
	"class_name" : "PinholeCameraParameters",
	"extrinsic" : 
	[
		0.99934436746624133,
		0.031233039487639759,
		0.018312085022235643,
		0.0,
		0.024666650542481378,
		-0.95757919182425,
		0.28711260462792543,
		0.0,
		0.026502670893952453,
		-0.28647266646153147,
		-0.95772178622286086,
		0.0,
		-482532.34599287395,
		5472940.0110510867,
		-1649683.7477668135,
		1.0
	],
	"intrinsic" : 
	{
		"height" : 1061,
		"intrinsic_matrix" : 
		[
			918.85295341528945,
			0.0,
			0.0,
			0.0,
			918.85295341528945,
			0.0,
			959.5,
			530.0,
			1.0
		],
		"width" : 1920
	},
	"version_major" : 1,
	"version_minor" : 0
}