{
	"class_name" : "PinholeCameraParameters",
	"extrinsic" : 
	[
		0.96161189132172209,
		-0.14535075243161713,
		-0.232756802771097,
		0.0,
		0.085168672215355651,
		-0.64822809950298121,
		0.75666810973360477,
		0.0,
		-0.2608617789974873,
		-0.74744463994486976,
		-0.61096451818084352,
		0.0,
		-802381.51091230416,
		3757762.4098653621,
		-4254297.8487830367,
		1.0
	],
	"intrinsic" : 
	{
		"height" : 1061,
		"intrinsic_matrix" : 
		[
			918.85295341528945,
			0.0,
			0.0,
			0.0,
			918.85295341528945,
			0.0,
			959.5,
			530.0,
			1.0
		],
		"width" : 1920
	},
	"version_major" : 1,
	"version_minor" : 0
}