{
	"class_name" : "PinholeCameraParameters",
	"extrinsic" : 
	[
		0.89866704673236808,
		0.43030628114439562,
		-0.085053180569595391,
		0.0,
		0.43862799831330646,
		-0.882371576857091,
		0.17036983139744247,
		0.0,
		-0.0017373004880736204,
		-0.19041245957765293,
		-0.98170264185475375,
		0.0,
		-2818697.8471617494,
		4905970.4135372369,
		-945854.60398306651,
		1.0
	],
	"intrinsic" : 
	{
		"height" : 1061,
		"intrinsic_matrix" : 
		[
			918.85295341528945,
			0.0,
			0.0,
			0.0,
			918.85295341528945,
			0.0,
			959.5,
			530.0,
			1.0
		],
		"width" : 1920
	},
	"version_major" : 1,
	"version_minor" : 0
}