{
	"class_name" : "PinholeCameraParameters",
	"extrinsic" : 
	[
		0.98541996561295708,
		-0.060782221594815257,
		-0.1589119659099249,
		0.0,
		0.064628913217293429,
		-0.73027490385968941,
		0.68008945615196326,
		0.0,
		-0.15738676865515064,
		-0.68044403614898441,
		-0.71569918172481506,
		0.0,
		-692623.01688002527,
		4199658.7229509344,
		-3840284.3338566152,
		1.0
	],
	"intrinsic" : 
	{
		"height" : 1061,
		"intrinsic_matrix" : 
		[
			918.85295341528945,
			0.0,
			0.0,
			0.0,
			918.85295341528945,
			0.0,
			959.5,
			530.0,
			1.0
		],
		"width" : 1920
	},
	"version_major" : 1,
	"version_minor" : 0
}