{
	"class_name" : "PinholeCameraParameters",
	"extrinsic" : 
	[
		0.99988114937621431,
		0.0044535588350177483,
		0.014759841997930834,
		0.0,
		0.003246084235414567,
		-0.9967214023476656,
		0.080844969164689001,
		0.0,
		0.015071498241297731,
		-0.080787448999247127,
		-0.99661739801438187,
		0.0,
		-346040.55436703336,
		5703279.2531196047,
		-466509.88711037388,
		1.0
	],
	"intrinsic" : 
	{
		"height" : 1061,
		"intrinsic_matrix" : 
		[
			918.85295341528945,
			0.0,
			0.0,
			0.0,
			918.85295341528945,
			0.0,
			959.5,
			530.0,
			1.0
		],
		"width" : 1920
	},
	"version_major" : 1,
	"version_minor" : 0
}