{
	"class_name" : "PinholeCameraParameters",
	"extrinsic" : 
	[
		0.99332049860789196,
		-0.10244145158561549,
		0.053104953087268911,
		0.0,
		-0.10261828749920743,
		-0.99472062352628876,
		0.00060679667235980482,
		0.0,
		0.052762430915368579,
		-0.0060522829166833342,
		-0.99858875206733499,
		0.0,
		-22491745.133657314,
		67699974.789317802,
		-1458853.5968188141,
		1.0
	],
	"intrinsic" : 
	{
		"height" : 1061,
		"intrinsic_matrix" : 
		[
			918.85295341528945,
			0.0,
			0.0,
			0.0,
			918.85295341528945,
			0.0,
			959.5,
			530.0,
			1.0
		],
		"width" : 1920
	},
	"version_major" : 1,
	"version_minor" : 0
}