{
	"class_name" : "PinholeCameraParameters",
	"extrinsic" : 
	[
		0.91283090673143963,
		0.23759497311843431,
		-0.33209692028790122,
		0.0,
		0.37622689634285705,
		-0.17324075204917819,
		0.9101873237403697,
		0.0,
		0.1587232124929408,
		-0.95579091363032209,
		-0.24752913209890087,
		0.0,
		-2389936.0079845879,
		909459.61627972918,
		-5042881.2110373415,
		1.0
	],
	"intrinsic" : 
	{
		"height" : 1061,
		"intrinsic_matrix" : 
		[
			918.85295341528945,
			0.0,
			0.0,
			0.0,
			918.85295341528945,
			0.0,
			959.5,
			530.0,
			1.0
		],
		"width" : 1920
	},
	"version_major" : 1,
	"version_minor" : 0
}