{
	"class_name" : "PinholeCameraParameters",
	"extrinsic" : 
	[
		0.99062202485787665,
		0.11971492275351221,
		-0.065850900803263418,
		0.0,
		0.13217905986805981,
		-0.96172114591543634,
		0.24004402436114894,
		0.0,
		-0.03459335194624108,
		-0.246497007627315,
		-0.96852595485712367,
		0.0,
		-1095217.3200416148,
		5466438.3198095784,
		-1351298.8334790836,
		1.0
	],
	"intrinsic" : 
	{
		"height" : 1061,
		"intrinsic_matrix" : 
		[
			918.85295341528945,
			0.0,
			0.0,
			0.0,
			918.85295341528945,
			0.0,
			959.5,
			530.0,
			1.0
		],
		"width" : 1920
	},
	"version_major" : 1,
	"version_minor" : 0
}