{
	"class_name" : "PinholeCameraParameters",
	"extrinsic" : 
	[
		-0.41312245092703481,
		-0.57161012026946911,
		0.70893702890000243,
		0.0,
		-0.54343855179725853,
		-0.46993332423992717,
		-0.69558407916607035,
		0.0,
		0.73075603381740084,
		-0.67262511191177998,
		-0.11649496926960944,
		0.0,
		3245642.2002273533,
		2876889.5463098269,
		3749730.3270979915,
		1.0
	],
	"intrinsic" : 
	{
		"height" : 1061,
		"intrinsic_matrix" : 
		[
			918.85295341528945,
			0.0,
			0.0,
			0.0,
			918.85295341528945,
			0.0,
			959.5,
			530.0,
			1.0
		],
		"width" : 1920
	},
	"version_major" : 1,
	"version_minor" : 0
}