{
	"class_name" : "PinholeCameraParameters",
	"extrinsic" : 
	[
		-0.73475398805704684,
		-0.0013413316258168719,
		0.67833235059499764,
		0.0,
		-0.66305626447371846,
		0.21245697532821498,
		-0.7177871716438966,
		0.0,
		-0.1431536488407599,
		-0.97716950139873682,
		-0.1569929882501781,
		0.0,
		4035639.5133708031,
		-1215523.5282156661,
		3887111.3732705317,
		1.0
	],
	"intrinsic" : 
	{
		"height" : 1061,
		"intrinsic_matrix" : 
		[
			918.85295341528945,
			0.0,
			0.0,
			0.0,
			918.85295341528945,
			0.0,
			959.5,
			530.0,
			1.0
		],
		"width" : 1920
	},
	"version_major" : 1,
	"version_minor" : 0
}