{
	"class_name" : "PinholeCameraParameters",
	"extrinsic" : 
	[
		0.99963613224129744,
		0.0013487020363032165,
		0.0269403808524835,
		0.0,
		0.0029619016982597264,
		-0.99819815431599401,
		-0.059930558636417788,
		0.0,
		0.026811009977049251,
		0.059988546598167693,
		-0.99783893691369352,
		0.0,
		-344334.20914979785,
		5712743.2873801952,
		335437.64407411637,
		1.0
	],
	"intrinsic" : 
	{
		"height" : 1061,
		"intrinsic_matrix" : 
		[
			918.85295341528945,
			0.0,
			0.0,
			0.0,
			918.85295341528945,
			0.0,
			959.5,
			530.0,
			1.0
		],
		"width" : 1920
	},
	"version_major" : 1,
	"version_minor" : 0
}