{
	"class_name" : "PinholeCameraParameters",
	"extrinsic" : 
	[
		0.93475567978118845,
		-0.34225633515603787,
		-0.095354182720876035,
		0.0,
		-0.26959421217325719,
		-0.85807337616674217,
		0.43706869240027862,
		0.0,
		-0.23141041437128351,
		-0.38284550690763824,
		-0.89435928907858075,
		0.0,
		1236898.2143041338,
		5023285.4814343983,
		-2470025.2404541746,
		1.0
	],
	"intrinsic" : 
	{
		"height" : 1061,
		"intrinsic_matrix" : 
		[
			918.85295341528945,
			0.0,
			0.0,
			0.0,
			918.85295341528945,
			0.0,
			959.5,
			530.0,
			1.0
		],
		"width" : 1920
	},
	"version_major" : 1,
	"version_minor" : 0
}