{
	"class_name" : "PinholeCameraParameters",
	"extrinsic" : 
	[
		-0.64183106699881409,
		0.21935422596693566,
		0.73480378672514368,
		0.0,
		-0.65877484014767995,
		0.33274934480059026,
		-0.67475446165488728,
		0.0,
		-0.39251572124382839,
		-0.91714862322593316,
		-0.069063821869433051,
		0.0,
		3980711.3763981871,
		-1976296.82332364,
		3622212.2019451791,
		1.0
	],
	"intrinsic" : 
	{
		"height" : 1061,
		"intrinsic_matrix" : 
		[
			918.85295341528945,
			0.0,
			0.0,
			0.0,
			918.85295341528945,
			0.0,
			959.5,
			530.0,
			1.0
		],
		"width" : 1920
	},
	"version_major" : 1,
	"version_minor" : 0
}