{
	"class_name" : "PinholeCameraParameters",
	"extrinsic" : 
	[
		0.99891662804659997,
		-0.02120392131288875,
		-0.041424195018947146,
		0.0,
		0.037608114608276108,
		-0.15643910410470027,
		0.98697134528948183,
		0.0,
		-0.027408026700616605,
		-0.98745997408901376,
		-0.15547218286401818,
		0.0,
		-556490.13444827474,
		903189.16784162016,
		-5637036.4202114856,
		1.0
	],
	"intrinsic" : 
	{
		"height" : 1061,
		"intrinsic_matrix" : 
		[
			918.85295341528945,
			0.0,
			0.0,
			0.0,
			918.85295341528945,
			0.0,
			959.5,
			530.0,
			1.0
		],
		"width" : 1920
	},
	"version_major" : 1,
	"version_minor" : 0
}