{
	"class_name" : "PinholeCameraParameters",
	"extrinsic" : 
	[
		0.9232206908668118,
		0.2047741585084274,
		-0.32516318974104719,
		0.0,
		0.37152457884414036,
		-0.25953072158608026,
		0.89141084347661637,
		0.0,
		0.098148068091486088,
		-0.94377505188480915,
		-0.31568276508186993,
		0.0,
		-2428238.2079083477,
		1420561.8113407204,
		-5000981.473190112,
		1.0
	],
	"intrinsic" : 
	{
		"height" : 1061,
		"intrinsic_matrix" : 
		[
			918.85295341528945,
			0.0,
			0.0,
			0.0,
			918.85295341528945,
			0.0,
			959.5,
			530.0,
			1.0
		],
		"width" : 1920
	},
	"version_major" : 1,
	"version_minor" : 0
}