{
	"class_name" : "PinholeCameraParameters",
	"extrinsic" : 
	[
		0.75689971496628639,
		0.27114316627878915,
		-0.59462946854681487,
		0.0,
		0.6488907577696168,
		-0.42003361886373547,
		0.6344387626125999,
		0.0,
		-0.077740632651961017,
		-0.86605608502252751,
		-0.49386562102491577,
		0.0,
		-3961808.1216149987,
		2315293.7639629352,
		-3436243.6952678524,
		1.0
	],
	"intrinsic" : 
	{
		"height" : 1061,
		"intrinsic_matrix" : 
		[
			918.85295341528945,
			0.0,
			0.0,
			0.0,
			918.85295341528945,
			0.0,
			959.5,
			530.0,
			1.0
		],
		"width" : 1920
	},
	"version_major" : 1,
	"version_minor" : 0
}