{
	"class_name" : "PinholeCameraParameters",
	"extrinsic" : 
	[
		0.96960768017119103,
		-0.1165071383843342,
		-0.21514421502456191,
		0.0,
		0.088435002579361238,
		-0.65300037171218539,
		0.75217668460444598,
		0.0,
		-0.22812320546544512,
		-0.74834256944880628,
		-0.62285086648324495,
		0.0,
		-823696.13526562345,
		3775630.2586032022,
		-4234254.9356797598,
		1.0
	],
	"intrinsic" : 
	{
		"height" : 1061,
		"intrinsic_matrix" : 
		[
			918.85295341528945,
			0.0,
			0.0,
			0.0,
			918.85295341528945,
			0.0,
			959.5,
			530.0,
			1.0
		],
		"width" : 1920
	},
	"version_major" : 1,
	"version_minor" : 0
}