{
	"class_name" : "PinholeCameraParameters",
	"extrinsic" : 
	[
		0.47106228567176878,
		0.14273354739045027,
		0.87047542036925274,
		0.0,
		-0.87889142500246642,
		-0.0081456909778939903,
		0.47695231499136986,
		0.0,
		0.075167719632985963,
		-0.98972763029422939,
		0.12161016305122725,
		0.0,
		43090043.408952869,
		-3725705.8263720316,
		-57145008.019342221,
		1.0
	],
	"intrinsic" : 
	{
		"height" : 1061,
		"intrinsic_matrix" : 
		[
			918.85295341528945,
			0.0,
			0.0,
			0.0,
			918.85295341528945,
			0.0,
			959.5,
			530.0,
			1.0
		],
		"width" : 1920
	},
	"version_major" : 1,
	"version_minor" : 0
}