{
	"class_name" : "PinholeCameraParameters",
	"extrinsic" : 
	[
		-0.25656047149282341,
		0.48351318944133675,
		-0.83689409133034642,
		0.0,
		0.96515066423632645,
		0.17437571117175443,
		-0.19513407359434379,
		0.0,
		0.051584104058886644,
		-0.85779257806862086,
		-0.51140099063145261,
		0.0,
		-5439255.8940245491,
		-1157812.0339140247,
		1393878.1863761691,
		1.0
	],
	"intrinsic" : 
	{
		"height" : 1061,
		"intrinsic_matrix" : 
		[
			918.85295341528945,
			0.0,
			0.0,
			0.0,
			918.85295341528945,
			0.0,
			959.5,
			530.0,
			1.0
		],
		"width" : 1920
	},
	"version_major" : 1,
	"version_minor" : 0
}