{
	"class_name" : "PinholeCameraParameters",
	"extrinsic" : 
	[
		0.99890868041086067,
		0.033293062673255873,
		0.032756986700057319,
		0.0,
		-0.013060311639039531,
		-0.47425910109289848,
		0.88028843755353692,
		0.0,
		0.044842797188893599,
		-0.87975557799220039,
		-0.47330671507161742,
		0.0,
		-266341.95853971248,
		2704563.8029624959,
		-5051382.9503707075,
		1.0
	],
	"intrinsic" : 
	{
		"height" : 1061,
		"intrinsic_matrix" : 
		[
			918.85295341528945,
			0.0,
			0.0,
			0.0,
			918.85295341528945,
			0.0,
			959.5,
			530.0,
			1.0
		],
		"width" : 1920
	},
	"version_major" : 1,
	"version_minor" : 0
}