{
	"class_name" : "PinholeCameraParameters",
	"extrinsic" : 
	[
		0.99719009213712595,
		0.00016041671214054275,
		0.074912578450010495,
		0.0,
		0.0021852638350546936,
		-0.99963444051205008,
		-0.026948283138857058,
		0.0,
		0.074880870491212323,
		0.027036264694651733,
		-0.99682591039049495,
		0.0,
		-339089.75026943092,
		5721354.2042909786,
		130744.77770820985,
		1.0
	],
	"intrinsic" : 
	{
		"height" : 1061,
		"intrinsic_matrix" : 
		[
			918.85295341528945,
			0.0,
			0.0,
			0.0,
			918.85295341528945,
			0.0,
			959.5,
			530.0,
			1.0
		],
		"width" : 1920
	},
	"version_major" : 1,
	"version_minor" : 0
}