{
	"class_name" : "PinholeCameraParameters",
	"extrinsic" : 
	[
		0.99640780065790946,
		-0.038280600936895337,
		0.075538668110962631,
		0.0,
		-0.036442098994035485,
		-0.99900860507121592,
		-0.025569130109810309,
		0.0,
		0.076442581124507511,
		0.022724493076274725,
		-0.99681499246622973,
		0.0,
		-117749.89487099335,
		5730361.8206938952,
		122576.85613205811,
		1.0
	],
	"intrinsic" : 
	{
		"height" : 1061,
		"intrinsic_matrix" : 
		[
			918.85295341528945,
			0.0,
			0.0,
			0.0,
			918.85295341528945,
			0.0,
			959.5,
			530.0,
			1.0
		],
		"width" : 1920
	},
	"version_major" : 1,
	"version_minor" : 0
}