{
	"class_name" : "PinholeCameraParameters",
	"extrinsic" : 
	[
		0.99868340331127992,
		0.02641091845327594,
		0.043976395225778044,
		0.0,
		-0.018175330524471463,
		-0.61948534056652194,
		0.78479778935946731,
		0.0,
		0.047969962590413195,
		-0.784563812707185,
		-0.61818970104607818,
		0.0,
		-236974.18594832663,
		3538542.5213827016,
		-4508233.994791043,
		1.0
	],
	"intrinsic" : 
	{
		"height" : 1061,
		"intrinsic_matrix" : 
		[
			918.85295341528945,
			0.0,
			0.0,
			0.0,
			918.85295341528945,
			0.0,
			959.5,
			530.0,
			1.0
		],
		"width" : 1920
	},
	"version_major" : 1,
	"version_minor" : 0
}