{
	"class_name" : "PinholeCameraParameters",
	"extrinsic" : 
	[
		-0.97961049625608687,
		-0.1542746742917625,
		0.12869576720729331,
		0.0,
		-0.17891973456352109,
		0.37854372537492464,
		-0.90812574931173096,
		0.0,
		0.091383829032397168,
		-0.91263572845437313,
		-0.39842819044331362,
		0.0,
		1347805.1828143913,
		-2115575.4186262013,
		5155449.4286377477,
		1.0
	],
	"intrinsic" : 
	{
		"height" : 1061,
		"intrinsic_matrix" : 
		[
			918.85295341528945,
			0.0,
			0.0,
			0.0,
			918.85295341528945,
			0.0,
			959.5,
			530.0,
			1.0
		],
		"width" : 1920
	},
	"version_major" : 1,
	"version_minor" : 0
}