{
	"class_name" : "PinholeCameraParameters",
	"extrinsic" : 
	[
		0.97465422583105621,
		-0.057473313851348261,
		-0.21620813644405021,
		0.0,
		0.067458009320078755,
		-0.84595402530424135,
		0.52897183672679882,
		0.0,
		-0.21330390771909638,
		-0.53014960649470966,
		-0.82063563028013098,
		0.0,
		-705287.58430521202,
		4860659.17105613,
		-2956317.2451882027,
		1.0
	],
	"intrinsic" : 
	{
		"height" : 1061,
		"intrinsic_matrix" : 
		[
			918.85295341528945,
			0.0,
			0.0,
			0.0,
			918.85295341528945,
			0.0,
			959.5,
			530.0,
			1.0
		],
		"width" : 1920
	},
	"version_major" : 1,
	"version_minor" : 0
}