{
	"class_name" : "PinholeCameraParameters",
	"extrinsic" : 
	[
		-0.55247920972312636,
		0.13638926363907866,
		-0.82229233949228764,
		0.0,
		0.82949371137981553,
		-0.0069634931378565537,
		-0.55847264261077145,
		0.0,
		-0.081895699551620016,
		-0.99063084876623397,
		-0.10928685130262404,
		0.0,
		-4565010.0154993366,
		-5186.5702895946943,
		3468743.8591369749,
		1.0
	],
	"intrinsic" : 
	{
		"height" : 1061,
		"intrinsic_matrix" : 
		[
			918.85295341528945,
			0.0,
			0.0,
			0.0,
			918.85295341528945,
			0.0,
			959.5,
			530.0,
			1.0
		],
		"width" : 1920
	},
	"version_major" : 1,
	"version_minor" : 0
}