{
	"class_name" : "PinholeCameraParameters",
	"extrinsic" : 
	[
		-0.42357765093316102,
		-0.59219437317114232,
		0.68548362344725866,
		0.0,
		-0.70933753651869191,
		-0.25381091064838712,
		-0.65758670981204448,
		0.0,
		0.56340237212452227,
		-0.76477829860703705,
		-0.31255706849179876,
		0.0,
		4198595.0531368535,
		1646657.5293713047,
		3539732.4489115728,
		1.0
	],
	"intrinsic" : 
	{
		"height" : 1061,
		"intrinsic_matrix" : 
		[
			918.85295341528945,
			0.0,
			0.0,
			0.0,
			918.85295341528945,
			0.0,
			959.5,
			530.0,
			1.0
		],
		"width" : 1920
	},
	"version_major" : 1,
	"version_minor" : 0
}