{
	"class_name" : "PinholeCameraParameters",
	"extrinsic" : 
	[
		0.99185454676384965,
		-0.080499665845883361,
		0.098713534343470813,
		0.0,
		-0.08225480371265792,
		-0.99651530545080147,
		0.013834495599337802,
		0.0,
		0.097255875555518956,
		-0.021841469753592573,
		-0.99501972084423151,
		0.0,
		145949.57156520826,
		5729919.7449256508,
		-110608.92127108613,
		1.0
	],
	"intrinsic" : 
	{
		"height" : 1061,
		"intrinsic_matrix" : 
		[
			918.85295341528945,
			0.0,
			0.0,
			0.0,
			918.85295341528945,
			0.0,
			959.5,
			530.0,
			1.0
		],
		"width" : 1920
	},
	"version_major" : 1,
	"version_minor" : 0
}