{
	"class_name" : "PinholeCameraParameters",
	"extrinsic" : 
	[
		0.99854278119222839,
		-0.0050120063378788606,
		0.05373261506160671,
		0.0,
		0.0011333723126441854,
		-0.99351063888391555,
		-0.11373357416205224,
		0.0,
		0.053953958113290207,
		0.113628738516905,
		-0.9920571960259984,
		0.0,
		-333511.51210432412,
		5687995.5210733637,
		634362.01023665757,
		1.0
	],
	"intrinsic" : 
	{
		"height" : 1061,
		"intrinsic_matrix" : 
		[
			918.85295341528945,
			0.0,
			0.0,
			0.0,
			918.85295341528945,
			0.0,
			959.5,
			530.0,
			1.0
		],
		"width" : 1920
	},
	"version_major" : 1,
	"version_minor" : 0
}